{ "model": {
    "type": "minecraft:select",
    "property": "minecraft:charge_type",
    "cases": [
        {
            "model": {
                "type": "minecraft:condition",
                "property": "minecraft:using_item",
                "on_false": {
                    "type": "minecraft:model",
                    "model": "realisticsurvival:item/spartanandfire/dragonbone_flamed_crossbow_standby"
                },
                "on_true": {
                    "type": "minecraft:range_dispatch",
                    "property": "minecraft:crossbow/pull",
                    "scale": 1.0,
                    "entries": [
                        {
                            "model": {
                                "type": "minecraft:model",
                                "model": "realisticsurvival:item/spartanandfire/dragonbone_flamed_crossbow_pulling_1"
                            },
                            "threshold": 0.58
                        },
                        {
                            "model": {
                                "type": "minecraft:model",
                                "model": "realisticsurvival:item/spartanandfire/dragonbone_flamed_crossbow_pulling_2"
                            },
                            "threshold": 0.9
                        }
                    ],
                    "fallback": {
                        "type": "minecraft:model",
                        "model": "realisticsurvival:item/spartanandfire/dragonbone_flamed_crossbow_pulling_0"
                    }
                }
            },
            "when": "none"
        },
        {
            "model": {
                "type": "minecraft:model",
                "model": "realisticsurvival:item/spartanandfire/dragonbone_flamed_crossbow_firework"
            },
            "when": "rocket"
        },
        {
            "model": {
                "type": "minecraft:model",
                "model": "realisticsurvival:item/spartanandfire/dragonbone_flamed_crossbow_loaded"
            },
            "when": "arrow"
        }
    ],
    "fallback": {
        "type": "minecraft:model",
        "model": "realisticsurvival:item/spartanandfire/dragonbone_flamed_crossbow_standby"
    }
}}