{ "model": {
	"type": "minecraft:condition",
	"property": "minecraft:using_item",
	"on_false": {
		"type": "minecraft:model",
		"model": "realisticsurvival:item/spartanandfire/dragonbone_flamed_longbow_standby"
	},
	"on_true": {
		"type": "minecraft:range_dispatch",
		"property": "minecraft:use_duration",
		"scale": 0.05,
		"entries": [
			{
				"model": {
					"type": "minecraft:model",
					"model": "realisticsurvival:item/spartanandfire/dragonbone_flamed_longbow_pulling_1"
				},
				"threshold": 0.65
			},
			{
				"model": {
					"type": "minecraft:model",
					"model": "realisticsurvival:item/spartanandfire/dragonbone_flamed_longbow_pulling_2"
				},
				"threshold": 0.9
			}
		],
		"fallback": {
			"type": "minecraft:model",
			"model": "realisticsurvival:item/spartanandfire/dragonbone_flamed_longbow_pulling_0"
		}
	}
}}